{"_via_settings":{"ui":{"annotation_editor_height":25,"annotation_editor_fontsize":0.8,"leftsidebar_width":18,"image_grid":{"img_height":80,"rshape_fill":"none","rshape_fill_opacity":0.3,"rshape_stroke":"yellow","rshape_stroke_width":2,"show_region_shape":true,"show_image_policy":"all"},"image":{"region_label":"__via_region_id__","region_color":"__via_default_region_color__","region_label_font":"10px Sans","on_image_annotation_editor_placement":"NEAR_REGION"}},"core":{"buffer_size":18,"filepath":{},"default_filepath":""},"project":{"name":"via_project_22Sep2019_20h26m"}},"_via_img_metadata":{"img_001.jpg18870":{"filename":"img_001.jpg","size":18870,"regions":[{"shape_attributes":{"name":"rect","x":57,"y":40,"width":98,"height":141},"region_attributes":{"Face":"Left"}},{"shape_attributes":{"name":"rect","x":285,"y":31,"width":107,"height":152},"region_attributes":{"Face":"Left"}}],"file_attributes":{}},"img_002.jpg14910":{"filename":"img_002.jpg","size":14910,"regions":[{"shape_attributes":{"name":"rect","x":129,"y":52,"width":142,"height":184},"region_attributes":{"Face":"Back"}}],"file_attributes":{}},"img_003.jpg15480":{"filename":"img_003.jpg","size":15480,"regions":[{"shape_attributes":{"name":"rect","x":141,"y":16,"width":138,"height":232},"region_attributes":{"Face":"Back"}}],"file_attributes":{}},"img_004.jpg20226":{"filename":"img_004.jpg","size":20226,"regions":[{"shape_attributes":{"name":"rect","x":127,"y":84,"width":209,"height":169},"region_attributes":{"Face":"Back"}}],"file_attributes":{}},"img_005.jpg19237":{"filename":"img_005.jpg","size":19237,"regions":[{"shape_attributes":{"name":"rect","x":73,"y":0,"width":240,"height":203},"region_attributes":{"Face":"Back"}}],"file_attributes":{}},"img_006.jpg18377":{"filename":"img_006.jpg","size":18377,"regions":[{"shape_attributes":{"name":"rect","x":151,"y":79,"width":110,"height":292},"region_attributes":{"Face":"Front"}},{"shape_attributes":{"name":"rect","x":3,"y":75,"width":133,"height":290},"region_attributes":{"Face":"Right"}},{"shape_attributes":{"name":"rect","x":283,"y":73,"width":109,"height":260},"region_attributes":{"Face":"Back"}}],"file_attributes":{}},"img_007.jpg17295":{"filename":"img_007.jpg","size":17295,"regions":[{"shape_attributes":{"name":"rect","x":40,"y":33,"width":120,"height":187},"region_attributes":{"Face":"Back"}},{"shape_attributes":{"name":"rect","x":236,"y":37,"width":112,"height":191},"region_attributes":{"Face":"Back"}}],"file_attributes":{}},"img_008.jpg28739":{"filename":"img_008.jpg","size":28739,"regions":[{"shape_attributes":{"name":"rect","x":59,"y":80,"width":61,"height":120},"region_attributes":{"Face":"Right"}},{"shape_attributes":{"name":"rect","x":172,"y":80,"width":63,"height":105},"region_attributes":{"Face":"Left"}},{"shape_attributes":{"name":"rect","x":281,"y":13,"width":52,"height":124},"region_attributes":{"Face":"Left"}}],"file_attributes":{}},"img_009.jpg16833":{"filename":"img_009.jpg","size":16833,"regions":[{"shape_attributes":{"name":"rect","x":143,"y":40,"width":108,"height":159},"region_attributes":{"Face":"Front"}}],"file_attributes":{}},"img_010.jpg20264":{"filename":"img_010.jpg","size":20264,"regions":[{"shape_attributes":{"name":"rect","x":41,"y":131,"width":143,"height":153},"region_attributes":{"Face":"Up"}},{"shape_attributes":{"name":"rect","x":184,"y":105,"width":148,"height":210},"region_attributes":{"Face":"Up"}}],"file_attributes":{}},"img_011.jpg23704":{"filename":"img_011.jpg","size":23704,"regions":[{"shape_attributes":{"name":"rect","x":27,"y":135,"width":62,"height":93},"region_attributes":{"Face":"Front"}},{"shape_attributes":{"name":"rect","x":113,"y":108,"width":63,"height":109},"region_attributes":{"Face":"Right"}},{"shape_attributes":{"name":"rect","x":321,"y":97,"width":75,"height":138},"region_attributes":{"Face":"Left"}},{"shape_attributes":{"name":"rect","x":288,"y":96,"width":51,"height":107},"region_attributes":{"Face":"Down"}}],"file_attributes":{}},"img_012.jpg22350":{"filename":"img_012.jpg","size":22350,"regions":[{"shape_attributes":{"name":"rect","x":168,"y":28,"width":115,"height":199},"region_attributes":{"Face":"UpLeft"}},{"shape_attributes":{"name":"rect","x":24,"y":131,"width":83,"height":173},"region_attributes":{"Face":"Down"}},{"shape_attributes":{"name":"rect","x":320,"y":249,"width":40,"height":79},"region_attributes":{"Face":"Left"}},{"shape_attributes":{"name":"rect","x":356,"y":145,"width":41,"height":123},"region_attributes":{"Face":"Front"}}],"file_attributes":{}},"img_013.jpg8547":{"filename":"img_013.jpg","size":8547,"regions":[{"shape_attributes":{"name":"rect","x":135,"y":79,"width":120,"height":244},"region_attributes":{"Face":"Down"}}],"file_attributes":{}},"img_014.jpg39408":{"filename":"img_014.jpg","size":39408,"regions":[{"shape_attributes":{"name":"rect","x":271,"y":243,"width":38,"height":101},"region_attributes":{"Face":"Front"}},{"shape_attributes":{"name":"rect","x":75,"y":243,"width":38,"height":101},"region_attributes":{"Face":"Front"}},{"shape_attributes":{"name":"rect","x":75,"y":243,"width":38,"height":101},"region_attributes":{"Face":"Front"}}],"file_attributes":{}},"img_015.jpg40342":{"filename":"img_015.jpg","size":40342,"regions":[{"shape_attributes":{"name":"rect","x":248,"y":66,"width":63,"height":103},"region_attributes":{"Face":"Front"}},{"shape_attributes":{"name":"rect","x":153,"y":129,"width":61,"height":131},"region_attributes":{"Face":"Front"}},{"shape_attributes":{"name":"rect","x":59,"y":14,"width":83,"height":151},"region_attributes":{"Face":"Front"}},{"shape_attributes":{"name":"rect","x":211,"y":105,"width":60,"height":120},"region_attributes":{"Face":"Front"}}],"file_attributes":{}},"img_016.jpg30674":{"filename":"img_016.jpg","size":30674,"regions":[{"shape_attributes":{"name":"rect","x":227,"y":0,"width":54,"height":88},"region_attributes":{"Face":"Down"}},{"shape_attributes":{"name":"rect","x":167,"y":80,"width":55,"height":122},"region_attributes":{"Face":"Down"}},{"shape_attributes":{"name":"rect","x":290,"y":44,"width":71,"height":132},"region_attributes":{"Face":"DownLeft"}}],"file_attributes":{}},"img_017.jpg15284":{"filename":"img_017.jpg","size":15284,"regions":[{"shape_attributes":{"name":"rect","x":43,"y":3,"width":317,"height":216},"region_attributes":{"Face":"Down"}}],"file_attributes":{}},"img_018.jpg27021":{"filename":"img_018.jpg","size":27021,"regions":[{"shape_attributes":{"name":"rect","x":131,"y":30,"width":163,"height":169},"region_attributes":{"Face":"Front"}}],"file_attributes":{}},"img_019.jpg25180":{"filename":"img_019.jpg","size":25180,"regions":[{"shape_attributes":{"name":"rect","x":27,"y":46,"width":48,"height":86},"region_attributes":{"Face":"Right"}},{"shape_attributes":{"name":"rect","x":328,"y":66,"width":46,"height":69},"region_attributes":{"Face":"Left"}},{"shape_attributes":{"name":"rect","x":187,"y":89,"width":40,"height":72},"region_attributes":{"Face":"Left"}},{"shape_attributes":{"name":"rect","x":120,"y":127,"width":23,"height":48},"region_attributes":{"Face":"Right"}},{"shape_attributes":{"name":"rect","x":266,"y":116,"width":26,"height":61},"region_attributes":{"Face":"Left"}}],"file_attributes":{}},"img_020.jpg24777":{"filename":"img_020.jpg","size":24777,"regions":[{"shape_attributes":{"name":"rect","x":120,"y":118,"width":31,"height":61},"region_attributes":{"Face":"Front"}},{"shape_attributes":{"name":"rect","x":190,"y":142,"width":23,"height":48},"region_attributes":{"Face":"Down"}},{"shape_attributes":{"name":"rect","x":357,"y":111,"width":23,"height":58},"region_attributes":{"Face":"Front"}},{"shape_attributes":{"name":"rect","x":33,"y":112,"width":23,"height":56},"region_attributes":{"Face":"Front"}},{"shape_attributes":{"name":"rect","x":255,"y":106,"width":30,"height":71},"region_attributes":{"Face":"Front"}}],"file_attributes":{}},"img_021.jpg30348":{"filename":"img_021.jpg","size":30348,"regions":[{"shape_attributes":{"name":"rect","x":139,"y":92,"width":49,"height":105},"region_attributes":{"Face":"Down"}},{"shape_attributes":{"name":"rect","x":242,"y":22,"width":62,"height":138},"region_attributes":{"Face":"Front"}},{"shape_attributes":{"name":"rect","x":339,"y":55,"width":55,"height":105},"region_attributes":{"Face":"Front"}}],"file_attributes":{}},"img_022.jpg18332":{"filename":"img_022.jpg","size":18332,"regions":[{"shape_attributes":{"name":"rect","x":204,"y":16,"width":127,"height":209},"region_attributes":{"Face":"Front"}}],"file_attributes":{}},"img_023.jpg22717":{"filename":"img_023.jpg","size":22717,"regions":[{"shape_attributes":{"name":"rect","x":101,"y":40,"width":217,"height":220},"region_attributes":{"Face":"Front"}}],"file_attributes":{}},"img_024.jpg25514":{"filename":"img_024.jpg","size":25514,"regions":[{"shape_attributes":{"name":"rect","x":81,"y":13,"width":211,"height":197},"region_attributes":{"Face":"Front"}}],"file_attributes":{}},"img_025.jpg15122":{"filename":"img_025.jpg","size":15122,"regions":[{"shape_attributes":{"name":"rect","x":138,"y":40,"width":125,"height":179},"region_attributes":{"Face":"Front"}}],"file_attributes":{}},"img_026.jpg32864":{"filename":"img_026.jpg","size":32864,"regions":[{"shape_attributes":{"name":"rect","x":86,"y":9,"width":225,"height":321},"region_attributes":{"Face":"Front"}}],"file_attributes":{}},"img_027.jpg24240":{"filename":"img_027.jpg","size":24240,"regions":[{"shape_attributes":{"name":"rect","x":60,"y":22,"width":274,"height":303},"region_attributes":{"Face":"Front"}}],"file_attributes":{}},"img_028.jpg27285":{"filename":"img_028.jpg","size":27285,"regions":[{"shape_attributes":{"name":"rect","x":229,"y":13,"width":94,"height":191},"region_attributes":{"Face":"Front"}}],"file_attributes":{}},"img_029.jpg21344":{"filename":"img_029.jpg","size":21344,"regions":[{"shape_attributes":{"name":"rect","x":136,"y":1,"width":103,"height":211},"region_attributes":{"Face":"Front"}}],"file_attributes":{}},"img_030.jpg28705":{"filename":"img_030.jpg","size":28705,"regions":[{"shape_attributes":{"name":"rect","x":247,"y":38,"width":117,"height":220},"region_attributes":{"Face":"Front"}},{"shape_attributes":{"name":"rect","x":6,"y":52,"width":154,"height":226},"region_attributes":{"Face":"Front"}}],"file_attributes":{}},"img_031.jpg16187":{"filename":"img_031.jpg","size":16187,"regions":[{"shape_attributes":{"name":"rect","x":181,"y":14,"width":122,"height":217},"region_attributes":{"Face":"Front"}}],"file_attributes":{}},"img_032.jpg30379":{"filename":"img_032.jpg","size":30379,"regions":[{"shape_attributes":{"name":"rect","x":126,"y":32,"width":62,"height":117},"region_attributes":{"Face":"Right"}},{"shape_attributes":{"name":"rect","x":264,"y":34,"width":70,"height":118},"region_attributes":{"Face":"Right"}}],"file_attributes":{}},"img_033.jpg25730":{"filename":"img_033.jpg","size":25730,"regions":[{"shape_attributes":{"name":"rect","x":58,"y":16,"width":281,"height":300},"region_attributes":{"Face":"Front"}}],"file_attributes":{}},"img_034.jpg13888":{"filename":"img_034.jpg","size":13888,"regions":[{"shape_attributes":{"name":"rect","x":139,"y":23,"width":142,"height":264},"region_attributes":{"Face":"Front"}}],"file_attributes":{}},"img_035.jpg23301":{"filename":"img_035.jpg","size":23301,"regions":[{"shape_attributes":{"name":"rect","x":139,"y":72,"width":122,"height":125},"region_attributes":{"Face":"Right"}}],"file_attributes":{}},"img_036.jpg19612":{"filename":"img_036.jpg","size":19612,"regions":[{"shape_attributes":{"name":"rect","x":92,"y":21,"width":206,"height":275},"region_attributes":{"Face":"Front"}}],"file_attributes":{}},"img_037.jpg27548":{"filename":"img_037.jpg","size":27548,"regions":[{"shape_attributes":{"name":"rect","x":105,"y":16,"width":110,"height":253},"region_attributes":{"Face":"Front"}},{"shape_attributes":{"name":"rect","x":242,"y":68,"width":104,"height":226},"region_attributes":{"Face":"Front"}}],"file_attributes":{}},"img_038.jpg31034":{"filename":"img_038.jpg","size":31034,"regions":[{"shape_attributes":{"name":"rect","x":81,"y":42,"width":99,"height":217},"region_attributes":{"Face":"Front"}},{"shape_attributes":{"name":"rect","x":171,"y":125,"width":79,"height":170},"region_attributes":{"Face":"Front"}},{"shape_attributes":{"name":"rect","x":248,"y":88,"width":81,"height":135},"region_attributes":{"Face":"Front"}}],"file_attributes":{}},"img_039.jpg23336":{"filename":"img_039.jpg","size":23336,"regions":[{"shape_attributes":{"name":"rect","x":84,"y":80,"width":43,"height":80},"region_attributes":{"Face":"Front"}},{"shape_attributes":{"name":"rect","x":175,"y":93,"width":46,"height":75},"region_attributes":{"Face":"Front"}},{"shape_attributes":{"name":"rect","x":268,"y":87,"width":47,"height":80},"region_attributes":{"Face":"Front"}}],"file_attributes":{}},"img_040.jpg41261":{"filename":"img_040.jpg","size":41261,"regions":[{"shape_attributes":{"name":"rect","x":98,"y":96,"width":47,"height":86},"region_attributes":{"Face":"Front"}},{"shape_attributes":{"name":"rect","x":179,"y":71,"width":50,"height":94},"region_attributes":{"Face":"Front"}},{"shape_attributes":{"name":"rect","x":267,"y":93,"width":49,"height":95},"region_attributes":{"Face":"Front"}}],"file_attributes":{}},"img_041.jpg19268":{"filename":"img_041.jpg","size":19268,"regions":[{"shape_attributes":{"name":"rect","x":84,"y":53,"width":201,"height":194},"region_attributes":{"Face":"Front"}}],"file_attributes":{}},"img_042.jpg25050":{"filename":"img_042.jpg","size":25050,"regions":[{"shape_attributes":{"name":"rect","x":286,"y":0,"width":110,"height":134},"region_attributes":{"Face":"Front"}},{"shape_attributes":{"name":"rect","x":39,"y":13,"width":93,"height":110},"region_attributes":{"Face":"Front"}}],"file_attributes":{}},"img_043.jpg35875":{"filename":"img_043.jpg","size":35875,"regions":[{"shape_attributes":{"name":"rect","x":17,"y":67,"width":90,"height":183},"region_attributes":{"Face":"Front"}},{"shape_attributes":{"name":"rect","x":162,"y":71,"width":91,"height":184},"region_attributes":{"Face":"Front"}},{"shape_attributes":{"name":"rect","x":298,"y":65,"width":86,"height":184},"region_attributes":{"Face":"Front"}}],"file_attributes":{}},"img_044.jpg35051":{"filename":"img_044.jpg","size":35051,"regions":[{"shape_attributes":{"name":"rect","x":241,"y":7,"width":29,"height":55},"region_attributes":{"Face":"Front"}},{"shape_attributes":{"name":"rect","x":103,"y":21,"width":32,"height":58},"region_attributes":{"Face":"Front"}}],"file_attributes":{}},"img_045.jpg23969":{"filename":"img_045.jpg","size":23969,"regions":[{"shape_attributes":{"name":"rect","x":199,"y":7,"width":122,"height":276},"region_attributes":{"Face":"Front"}},{"shape_attributes":{"name":"rect","x":20,"y":41,"width":93,"height":208},"region_attributes":{"Face":"Front"}}],"file_attributes":{}},"img_046.jpg24874":{"filename":"img_046.jpg","size":24874,"regions":[{"shape_attributes":{"name":"rect","x":153,"y":36,"width":58,"height":91},"region_attributes":{"Face":"Left"}},{"shape_attributes":{"name":"rect","x":6,"y":2,"width":61,"height":81},"region_attributes":{"Face":"Front"}}],"file_attributes":{}},"img_047.jpg35310":{"filename":"img_047.jpg","size":35310,"regions":[{"shape_attributes":{"name":"rect","x":189,"y":7,"width":58,"height":109},"region_attributes":{"Face":"Down"}},{"shape_attributes":{"name":"rect","x":58,"y":0,"width":58,"height":94},"region_attributes":{"Face":"Down"}}],"file_attributes":{}},"img_048.jpg17110":{"filename":"img_048.jpg","size":17110,"regions":[{"shape_attributes":{"name":"rect","x":113,"y":47,"width":111,"height":218},"region_attributes":{"Face":"Front"}}],"file_attributes":{}},"img_049.jpg27149":{"filename":"img_049.jpg","size":27149,"regions":[{"shape_attributes":{"name":"rect","x":229,"y":1,"width":67,"height":115},"region_attributes":{"Face":"Left"}},{"shape_attributes":{"name":"rect","x":64,"y":0,"width":56,"height":99},"region_attributes":{"Face":"DownRight"}}],"file_attributes":{}},"img_050.jpg14401":{"filename":"img_050.jpg","size":14401,"regions":[{"shape_attributes":{"name":"rect","x":132,"y":43,"width":156,"height":287},"region_attributes":{"Face":"Front"}}],"file_attributes":{}},"img_051.jpg16345":{"filename":"img_051.jpg","size":16345,"regions":[{"shape_attributes":{"name":"rect","x":135,"y":58,"width":111,"height":233},"region_attributes":{"Face":"Front"}}],"file_attributes":{}},"img_052.jpg28648":{"filename":"img_052.jpg","size":28648,"regions":[{"shape_attributes":{"name":"rect","x":101,"y":15,"width":114,"height":203},"region_attributes":{"Face":"Right"}},{"shape_attributes":{"name":"rect","x":220,"y":66,"width":107,"height":154},"region_attributes":{"Face":"Front"}}],"file_attributes":{}},"img_053.jpg21846":{"filename":"img_053.jpg","size":21846,"regions":[{"shape_attributes":{"name":"rect","x":230,"y":14,"width":67,"height":126},"region_attributes":{"Face":"Left"}},{"shape_attributes":{"name":"rect","x":93,"y":17,"width":60,"height":125},"region_attributes":{"Face":"Right"}}],"file_attributes":{}},"img_054.jpg26181":{"filename":"img_054.jpg","size":26181,"regions":[{"shape_attributes":{"name":"rect","x":263,"y":93,"width":75,"height":95},"region_attributes":{"Face":"Left"}},{"shape_attributes":{"name":"rect","x":73,"y":100,"width":73,"height":75},"region_attributes":{"Face":"Down"}}],"file_attributes":{}},"img_055.jpg16268":{"filename":"img_055.jpg","size":16268,"regions":[{"shape_attributes":{"name":"rect","x":196,"y":7,"width":170,"height":326},"region_attributes":{"Face":"Left"}}],"file_attributes":{}},"img_056.jpg17658":{"filename":"img_056.jpg","size":17658,"regions":[{"shape_attributes":{"name":"rect","x":189,"y":43,"width":90,"height":127},"region_attributes":{"Face":"Left"}},{"shape_attributes":{"name":"rect","x":63,"y":44,"width":88,"height":147},"region_attributes":{"Face":"Left"}},{"shape_attributes":{"name":"rect","x":334,"y":86,"width":64,"height":111},"region_attributes":{"Face":"Left"}}],"file_attributes":{}},"img_057.jpg11530":{"filename":"img_057.jpg","size":11530,"regions":[{"shape_attributes":{"name":"rect","x":168,"y":57,"width":79,"height":149},"region_attributes":{"Face":"Left"}}],"file_attributes":{}},"img_058.jpg13187":{"filename":"img_058.jpg","size":13187,"regions":[{"shape_attributes":{"name":"rect","x":100,"y":104,"width":46,"height":76},"region_attributes":{"Face":"Right"}},{"shape_attributes":{"name":"rect","x":140,"y":127,"width":26,"height":54},"region_attributes":{"Face":"Right"}},{"shape_attributes":{"name":"rect","x":160,"y":147,"width":32,"height":53},"region_attributes":{"Face":"Right"}},{"shape_attributes":{"name":"rect","x":181,"y":108,"width":30,"height":52},"region_attributes":{"Face":"Right"}}],"file_attributes":{}},"img_059.jpg29834":{"filename":"img_059.jpg","size":29834,"regions":[{"shape_attributes":{"name":"rect","x":69,"y":11,"width":75,"height":162},"region_attributes":{"Face":"DownRight"}},{"shape_attributes":{"name":"rect","x":307,"y":14,"width":69,"height":134},"region_attributes":{"Face":"Left"}}],"file_attributes":{}},"img_060.jpg19069":{"filename":"img_060.jpg","size":19069,"regions":[{"shape_attributes":{"name":"rect","x":130,"y":35,"width":191,"height":275},"region_attributes":{"Face":"UpLeft"}}],"file_attributes":{}},"img_061.jpg24701":{"filename":"img_061.jpg","size":24701,"regions":[{"shape_attributes":{"name":"rect","x":84,"y":14,"width":82,"height":148},"region_attributes":{"Face":"Right"}},{"shape_attributes":{"name":"rect","x":273,"y":80,"width":79,"height":133},"region_attributes":{"Face":"Left"}}],"file_attributes":{}},"img_062.jpg15025":{"filename":"img_062.jpg","size":15025,"regions":[{"shape_attributes":{"name":"rect","x":98,"y":25,"width":216,"height":281},"region_attributes":{"Face":"Front"}}],"file_attributes":{}},"img_063.jpg27652":{"filename":"img_063.jpg","size":27652,"regions":[{"shape_attributes":{"name":"rect","x":2,"y":4,"width":133,"height":254},"region_attributes":{"Face":"Front"}},{"shape_attributes":{"name":"rect","x":240,"y":1,"width":151,"height":250},"region_attributes":{"Face":"Front"}},{"shape_attributes":{"name":"rect","x":136,"y":8,"width":90,"height":209},"region_attributes":{"Face":"Front"}}],"file_attributes":{}},"img_064.jpg24261":{"filename":"img_064.jpg","size":24261,"regions":[{"shape_attributes":{"name":"rect","x":114,"y":42,"width":68,"height":154},"region_attributes":{"Face":"Front"}},{"shape_attributes":{"name":"rect","x":240,"y":122,"width":69,"height":143},"region_attributes":{"Face":"Front"}}],"file_attributes":{}},"img_065.jpg28182":{"filename":"img_065.jpg","size":28182,"regions":[{"shape_attributes":{"name":"rect","x":166,"y":21,"width":78,"height":72},"region_attributes":{"Face":"Front"}}],"file_attributes":{}},"img_066.jpg25261":{"filename":"img_066.jpg","size":25261,"regions":[{"shape_attributes":{"name":"rect","x":95,"y":6,"width":171,"height":153},"region_attributes":{"Face":"Front"}}],"file_attributes":{}},"img_067.jpg43848":{"filename":"img_067.jpg","size":43848,"regions":[{"shape_attributes":{"name":"rect","x":129,"y":15,"width":107,"height":144},"region_attributes":{"Face":"Front"}}],"file_attributes":{}},"img_068.jpg22099":{"filename":"img_068.jpg","size":22099,"regions":[{"shape_attributes":{"name":"rect","x":245,"y":38,"width":92,"height":118},"region_attributes":{"Face":"Front"}}],"file_attributes":{}},"img_069.jpg20324":{"filename":"img_069.jpg","size":20324,"regions":[{"shape_attributes":{"name":"rect","x":79,"y":5,"width":210,"height":314},"region_attributes":{"Face":"Front"}}],"file_attributes":{}},"img_070.jpg20324":{"filename":"img_070.jpg","size":20324,"regions":[{"shape_attributes":{"name":"rect","x":80,"y":4,"width":201,"height":310},"region_attributes":{"Face":"Front"}}],"file_attributes":{}},"img_071.jpg22073":{"filename":"img_071.jpg","size":22073,"regions":[{"shape_attributes":{"name":"rect","x":11,"y":28,"width":333,"height":299},"region_attributes":{"Face":"UpRight"}}],"file_attributes":{}},"img_072.jpg16472":{"filename":"img_072.jpg","size":16472,"regions":[{"shape_attributes":{"name":"rect","x":71,"y":20,"width":124,"height":243},"region_attributes":{"Face":"Right"}}],"file_attributes":{}},"img_073.jpg28952":{"filename":"img_073.jpg","size":28952,"regions":[{"shape_attributes":{"name":"rect","x":24,"y":9,"width":354,"height":376},"region_attributes":{"Face":"Right"}}],"file_attributes":{}},"img_074.jpg16660":{"filename":"img_074.jpg","size":16660,"regions":[{"shape_attributes":{"name":"rect","x":14,"y":43,"width":165,"height":320},"region_attributes":{"Face":"Front"}},{"shape_attributes":{"name":"rect","x":212,"y":31,"width":169,"height":316},"region_attributes":{"Face":"Right"}}],"file_attributes":{}},"img_075.jpg34219":{"filename":"img_075.jpg","size":34219,"regions":[{"shape_attributes":{"name":"rect","x":113,"y":0,"width":106,"height":180},"region_attributes":{"Face":"Right"}},{"shape_attributes":{"name":"rect","x":224,"y":8,"width":73,"height":148},"region_attributes":{"Face":"Front"}}],"file_attributes":{}},"img_076.jpg20451":{"filename":"img_076.jpg","size":20451,"regions":[{"shape_attributes":{"name":"rect","x":45,"y":80,"width":97,"height":191},"region_attributes":{"Face":"Right"}},{"shape_attributes":{"name":"rect","x":271,"y":5,"width":87,"height":204},"region_attributes":{"Face":"Right"}}],"file_attributes":{}},"img_077.jpg35643":{"filename":"img_077.jpg","size":35643,"regions":[{"shape_attributes":{"name":"rect","x":175,"y":10,"width":55,"height":113},"region_attributes":{"Face":"Down"}},{"shape_attributes":{"name":"rect","x":31,"y":107,"width":70,"height":136},"region_attributes":{"Face":"DownRight"}},{"shape_attributes":{"name":"rect","x":298,"y":86,"width":63,"height":128},"region_attributes":{"Face":"DownLeft"}}],"file_attributes":{}},"img_078.jpg34432":{"filename":"img_078.jpg","size":34432,"regions":[{"shape_attributes":{"name":"rect","x":295,"y":92,"width":89,"height":117},"region_attributes":{"Face":"Left"}},{"shape_attributes":{"name":"rect","x":76,"y":80,"width":115,"height":128},"region_attributes":{"Face":"Right"}}],"file_attributes":{}},"img_079.jpg27175":{"filename":"img_079.jpg","size":27175,"regions":[{"shape_attributes":{"name":"rect","x":90,"y":98,"width":96,"height":151},"region_attributes":{"Face":"Right"}}],"file_attributes":{}},"img_080.jpg21170":{"filename":"img_080.jpg","size":21170,"regions":[{"shape_attributes":{"name":"rect","x":134,"y":51,"width":186,"height":174},"region_attributes":{"Face":"Right"}}],"file_attributes":{}},"img_081.jpg18260":{"filename":"img_081.jpg","size":18260,"regions":[{"shape_attributes":{"name":"rect","x":116,"y":28,"width":108,"height":187},"region_attributes":{"Face":"Right"}}],"file_attributes":{}},"img_082.jpg33973":{"filename":"img_082.jpg","size":33973,"regions":[{"shape_attributes":{"name":"rect","x":175,"y":32,"width":46,"height":93},"region_attributes":{"Face":"Front"}},{"shape_attributes":{"name":"rect","x":40,"y":9,"width":49,"height":102},"region_attributes":{"Face":"Front"}},{"shape_attributes":{"name":"rect","x":311,"y":2,"width":47,"height":87},"region_attributes":{"Face":"Front"}}],"file_attributes":{}},"img_083.jpg17411":{"filename":"img_083.jpg","size":17411,"regions":[{"shape_attributes":{"name":"rect","x":178,"y":3,"width":69,"height":177},"region_attributes":{"Face":"Front"}}],"file_attributes":{}},"img_084.jpg29141":{"filename":"img_084.jpg","size":29141,"regions":[{"shape_attributes":{"name":"rect","x":243,"y":2,"width":75,"height":181},"region_attributes":{"Face":"Front"}},{"shape_attributes":{"name":"rect","x":73,"y":45,"width":122,"height":245},"region_attributes":{"Face":"Front"}}],"file_attributes":{}},"img_085.jpg20679":{"filename":"img_085.jpg","size":20679,"regions":[{"shape_attributes":{"name":"rect","x":81,"y":20,"width":293,"height":222},"region_attributes":{"Face":"Left"}}],"file_attributes":{}},"img_086.jpg26009":{"filename":"img_086.jpg","size":26009,"regions":[{"shape_attributes":{"name":"rect","x":46,"y":21,"width":124,"height":266},"region_attributes":{"Face":"Front"}},{"shape_attributes":{"name":"rect","x":182,"y":10,"width":80,"height":179},"region_attributes":{"Face":"Front"}},{"shape_attributes":{"name":"rect","x":283,"y":1,"width":83,"height":177},"region_attributes":{"Face":"Front"}}],"file_attributes":{}},"img_087.jpg18743":{"filename":"img_087.jpg","size":18743,"regions":[{"shape_attributes":{"name":"rect","x":60,"y":17,"width":221,"height":247},"region_attributes":{"Face":"Front"}}],"file_attributes":{}},"img_088.jpg26388":{"filename":"img_088.jpg","size":26388,"regions":[{"shape_attributes":{"name":"rect","x":50,"y":106,"width":69,"height":60},"region_attributes":{"Face":"Right"}},{"shape_attributes":{"name":"rect","x":204,"y":102,"width":54,"height":52},"region_attributes":{"Face":"Front"}},{"shape_attributes":{"name":"rect","x":270,"y":100,"width":67,"height":58},"region_attributes":{"Face":"Left"}}],"file_attributes":{}},"img_089.jpg21638":{"filename":"img_089.jpg","size":21638,"regions":[{"shape_attributes":{"name":"rect","x":20,"y":47,"width":104,"height":171},"region_attributes":{"Face":"Left"}},{"shape_attributes":{"name":"rect","x":147,"y":52,"width":81,"height":167},"region_attributes":{"Face":"Front"}},{"shape_attributes":{"name":"rect","x":263,"y":40,"width":101,"height":182},"region_attributes":{"Face":"Right"}}],"file_attributes":{}},"img_090.jpg21698":{"filename":"img_090.jpg","size":21698,"regions":[{"shape_attributes":{"name":"rect","x":166,"y":165,"width":55,"height":135},"region_attributes":{"Face":"Front"}},{"shape_attributes":{"name":"rect","x":251,"y":80,"width":51,"height":134},"region_attributes":{"Face":"Front"}},{"shape_attributes":{"name":"rect","x":303,"y":80,"width":58,"height":163},"region_attributes":{"Face":"Front"}}],"file_attributes":{}},"img_091.jpg35157":{"filename":"img_091.jpg","size":35157,"regions":[{"shape_attributes":{"name":"rect","x":203,"y":37,"width":34,"height":61},"region_attributes":{"Face":"Down"}},{"shape_attributes":{"name":"rect","x":263,"y":69,"width":50,"height":71},"region_attributes":{"Face":"DownLeft"}},{"shape_attributes":{"name":"rect","x":109,"y":11,"width":53,"height":81},"region_attributes":{"Face":"DownRight"}}],"file_attributes":{}},"img_092.jpg13102":{"filename":"img_092.jpg","size":13102,"regions":[{"shape_attributes":{"name":"rect","x":98,"y":35,"width":211,"height":218},"region_attributes":{"Face":"Up"}}],"file_attributes":{}},"img_093.jpg23803":{"filename":"img_093.jpg","size":23803,"regions":[{"shape_attributes":{"name":"rect","x":86,"y":49,"width":127,"height":219},"region_attributes":{"Face":"Up"}}],"file_attributes":{}},"img_094.jpg24382":{"filename":"img_094.jpg","size":24382,"regions":[{"shape_attributes":{"name":"rect","x":262,"y":24,"width":67,"height":110},"region_attributes":{"Face":"Front"}},{"shape_attributes":{"name":"rect","x":31,"y":16,"width":164,"height":259},"region_attributes":{"Face":"Front"}}],"file_attributes":{}},"img_095.jpg29424":{"filename":"img_095.jpg","size":29424,"regions":[{"shape_attributes":{"name":"rect","x":186,"y":95,"width":39,"height":66},"region_attributes":{"Face":"Up"}},{"shape_attributes":{"name":"rect","x":292,"y":85,"width":54,"height":69},"region_attributes":{"Face":"UpLeft"}},{"shape_attributes":{"name":"rect","x":24,"y":65,"width":75,"height":89},"region_attributes":{"Face":"UpRight"}}],"file_attributes":{}},"img_096.jpg16673":{"filename":"img_096.jpg","size":16673,"regions":[{"shape_attributes":{"name":"rect","x":99,"y":34,"width":218,"height":215},"region_attributes":{"Face":"Up"}}],"file_attributes":{}},"img_097.jpg23102":{"filename":"img_097.jpg","size":23102,"regions":[{"shape_attributes":{"name":"rect","x":39,"y":186,"width":64,"height":94},"region_attributes":{"Face":"Up"}},{"shape_attributes":{"name":"rect","x":171,"y":202,"width":78,"height":103},"region_attributes":{"Face":"Up"}},{"shape_attributes":{"name":"rect","x":97,"y":162,"width":59,"height":106},"region_attributes":{"Face":"Up"}},{"shape_attributes":{"name":"rect","x":217,"y":165,"width":65,"height":102},"region_attributes":{"Face":"Up"}},{"shape_attributes":{"name":"rect","x":277,"y":200,"width":79,"height":108},"region_attributes":{"Face":"Up"}},{"shape_attributes":{"name":"rect","x":314,"y":153,"width":71,"height":118},"region_attributes":{"Face":"Up"}}],"file_attributes":{}},"img_098.jpg16955":{"filename":"img_098.jpg","size":16955,"regions":[{"shape_attributes":{"name":"rect","x":72,"y":48,"width":126,"height":186},"region_attributes":{"Face":"UpLeft"}},{"shape_attributes":{"name":"rect","x":206,"y":131,"width":96,"height":174},"region_attributes":{"Face":"Front"}}],"file_attributes":{}},"img_099.jpg27888":{"filename":"img_099.jpg","size":27888,"regions":[{"shape_attributes":{"name":"rect","x":138,"y":24,"width":128,"height":167},"region_attributes":{"Face":"Front"}}],"file_attributes":{}},"img_100.jpg26901":{"filename":"img_100.jpg","size":26901,"regions":[{"shape_attributes":{"name":"rect","x":186,"y":25,"width":160,"height":203},"region_attributes":{"Face":"Front"}}],"file_attributes":{}}},"_via_attributes":{"region":{"Face":{"type":"text","description":"","default_value":""}},"file":{}}}